{
  "_meta": {
    "source": "NIST Special Publication 811, CODATA 2018",
    "version": "1.0.0",
    "description": "Unit conversion factors for dimensional analysis and unit conversion"
  },
  "categories": {
    "length": {
      "baseUnit": "m",
      "units": {
        "m": 1.0,
        "km": 1000.0,
        "cm": 0.01,
        "mm": 0.001,
        "um": 1e-6,
        "nm": 1e-9,
        "pm": 1e-12,
        "fm": 1e-15,
        "angstrom": 1e-10,
        "in": 0.0254,
        "ft": 0.3048,
        "yd": 0.9144,
        "mi": 1609.344,
        "nmi": 1852.0,
        "au": 1.495978707e11,
        "ly": 9.4607304725808e15,
        "pc": 3.08567758149137e16
      }
    },
    "mass": {
      "baseUnit": "kg",
      "units": {
        "kg": 1.0,
        "g": 0.001,
        "mg": 1e-6,
        "ug": 1e-9,
        "tonne": 1000.0,
        "lb": 0.45359237,
        "oz": 0.028349523125,
        "ton_us": 907.18474,
        "ton_uk": 1016.0469088,
        "slug": 14.593903,
        "amu": 1.6605390666e-27
      }
    },
    "time": {
      "baseUnit": "s",
      "units": {
        "s": 1.0,
        "ms": 0.001,
        "us": 1e-6,
        "ns": 1e-9,
        "ps": 1e-12,
        "fs": 1e-15,
        "min": 60.0,
        "hr": 3600.0,
        "day": 86400.0,
        "week": 604800.0,
        "yr": 31557600.0,
        "yr_sidereal": 31558149.7632
      }
    },
    "temperature": {
      "baseUnit": "K",
      "units": {
        "K": 1.0,
        "C": "offset_273.15",
        "F": "offset_459.67_scale_0.555556",
        "R": 0.555556
      }
    },
    "area": {
      "baseUnit": "m2",
      "units": {
        "m2": 1.0,
        "km2": 1e6,
        "cm2": 1e-4,
        "mm2": 1e-6,
        "ha": 10000.0,
        "acre": 4046.8564224,
        "ft2": 0.09290304,
        "in2": 6.4516e-4,
        "mi2": 2589988.110336,
        "barn": 1e-28
      }
    },
    "volume": {
      "baseUnit": "m3",
      "units": {
        "m3": 1.0,
        "L": 0.001,
        "mL": 1e-6,
        "cm3": 1e-6,
        "mm3": 1e-9,
        "ft3": 0.028316846592,
        "in3": 1.6387064e-5,
        "gal_us": 0.003785411784,
        "gal_uk": 0.00454609,
        "bbl": 0.158987294928
      }
    },
    "speed": {
      "baseUnit": "m/s",
      "units": {
        "m/s": 1.0,
        "km/h": 0.277777777778,
        "mph": 0.44704,
        "knot": 0.514444,
        "ft/s": 0.3048,
        "c": 299792458.0,
        "mach": 340.29
      }
    },
    "pressure": {
      "baseUnit": "Pa",
      "units": {
        "Pa": 1.0,
        "kPa": 1000.0,
        "MPa": 1e6,
        "GPa": 1e9,
        "bar": 100000.0,
        "mbar": 100.0,
        "atm": 101325.0,
        "psi": 6894.757293168,
        "torr": 133.322368421,
        "mmHg": 133.322387415,
        "inHg": 3386.389,
        "mmH2O": 9.80665
      }
    },
    "energy": {
      "baseUnit": "J",
      "units": {
        "J": 1.0,
        "kJ": 1000.0,
        "MJ": 1e6,
        "cal": 4.184,
        "kcal": 4184.0,
        "eV": 1.602176634e-19,
        "keV": 1.602176634e-16,
        "MeV": 1.602176634e-13,
        "GeV": 1.602176634e-10,
        "BTU": 1055.06,
        "kWh": 3600000.0,
        "erg": 1e-7,
        "Ry": 2.1798723611035e-18,
        "Ha": 4.3597447222071e-18
      }
    },
    "power": {
      "baseUnit": "W",
      "units": {
        "W": 1.0,
        "kW": 1000.0,
        "MW": 1e6,
        "GW": 1e9,
        "hp": 745.7,
        "BTU_hr": 0.29307107,
        "cal_s": 4.184
      }
    },
    "force": {
      "baseUnit": "N",
      "units": {
        "N": 1.0,
        "kN": 1000.0,
        "MN": 1e6,
        "lbf": 4.4482216152605,
        "kgf": 9.80665,
        "dyn": 1e-5,
        "pdl": 0.138254954376
      }
    },
    "electric": {
      "baseUnit": "V",
      "units": {
        "V": 1.0,
        "mV": 0.001,
        "kV": 1000.0,
        "MV": 1e6,
        "A": 1.0,
        "mA": 0.001,
        "uA": 1e-6,
        "nA": 1e-9,
        "ohm": 1.0,
        "kohm": 1000.0,
        "Mohm": 1e6,
        "F": 1.0,
        "uF": 1e-6,
        "nF": 1e-9,
        "pF": 1e-12,
        "H": 1.0,
        "mH": 0.001,
        "uH": 1e-6,
        "C": 1.0,
        "mC": 0.001,
        "T": 1.0,
        "mT": 0.001,
        "uT": 1e-6,
        "Wb": 1.0
      }
    },
    "frequency": {
      "baseUnit": "Hz",
      "units": {
        "Hz": 1.0,
        "kHz": 1000.0,
        "MHz": 1e6,
        "GHz": 1e9,
        "THz": 1e12,
        "rpm": 0.0166666666667,
        "rad_s": 0.159154943092
      }
    },
    "angle": {
      "baseUnit": "rad",
      "units": {
        "rad": 1.0,
        "deg": 0.017453292519943,
        "arcmin": 2.90888208666e-4,
        "arcsec": 4.8481368111e-6,
        "grad": 0.015707963267949,
        "rev": 6.283185307179586,
        "mrad": 0.001,
        "urad": 1e-6
      }
    },
    "data": {
      "baseUnit": "B",
      "units": {
        "B": 1.0,
        "KB": 1000.0,
        "MB": 1e6,
        "GB": 1e9,
        "TB": 1e12,
        "PB": 1e15,
        "KiB": 1024.0,
        "MiB": 1048576.0,
        "GiB": 1073741824.0,
        "TiB": 1099511627776.0,
        "bit": 0.125,
        "Kbit": 125.0,
        "Mbit": 125000.0
      }
    }
  }
}
