{
  "_meta": { "source": "Abramowitz & Stegun", "version": "1964", "description": "Rational approximation coefficients for Bessel functions J0, J1, Y0, Y1" },
  "J0": {
    "small": {"a": [1.0, -0.001098628627, 0.00002731453040, -0.000002073370639, 0.000000209388721, -0.000000014926564], "b": [1.0, 0.003156091056, 0.00001747242697, 0.000000490680806, 0.000000006972417, 0.000000000036423]},
    "large": {"p": [0.79788456, -0.00000077, -0.00000563, 0.00000193, 0.00000112], "q": [-0.78539817, -0.00003574, 0.00002068, -0.00000144, -0.00000053]}
  },
  "J1": {
    "small": {"a": [0.5, -0.0009375562, 0.00002589568, -0.000002084823, 0.000000219925, -0.000000016518], "b": [1.0, 0.00337417133, 0.000019538830, 0.000000567387, 0.000000008527, 0.000000000049]},
    "large": {"p": [0.79788456, 0.00001621, 0.00002323, -0.00000310, 0.00000172], "q": [-2.35619449, 0.00044986, 0.00003438, -0.00002565, 0.00000164]}
  },
  "Y0": {
    "small": {"a": [-0.01248580, 0.00042188, -0.00002500, 0.00000262, -0.00000033, 0.00000005], "b": [1.0, 0.003156091056, 0.00001747242697, 0.000000490680806, 0.000000006972417, 0.000000000036423]},
    "large": {"p": [0.79788456, -0.00000016, -0.00000064, 0.00000018, 0.00000010], "q": [-0.78539816, -0.00003574, 0.00002068, -0.00000144, -0.00000053]}
  },
  "Y1": {
    "small": {"a": [-0.6366198, 0.00083763, -0.00003686, 0.00000321, -0.00000035, 0.00000004], "b": [1.0, 0.00337417133, 0.000019538830, 0.000000567387, 0.000000008527, 0.000000000049]},
    "large": {"p": [0.79788456, 0.00001621, 0.00002323, -0.00000310, 0.00000172], "q": [-2.35619449, 0.00044986, 0.00003438, -0.00002565, 0.00000164]}
  }
}
