{
  "_meta": { "source": "Abramowitz & Stegun", "version": "1964", "description": "Rational approximation coefficients for Bessel functions J0, J1, Y0, Y1" },
  "besselJ0": {
    "small": {
      "numerator": [57568490574.0, -13362590354.0, 651619640.7, -11214424.18, 77392.33017, -184.9052456],
      "denominator": [57568490411.0, 1029532985.0, 9494680.718, 59272.64853, 267.8532712, 1.0]
    },
    "large": {
      "p": [1.0, -0.001098628627, 2.734510407e-5, -2.073370639e-7, 2.093887211e-9],
      "q": [-0.01562499995, 1.430488765e-4, -6.911147651e-6, 7.621095161e-8, -9.34935152e-10]
    }
  },
  "besselJ1": {
    "small": {
      "numerator": [72362614232.0, -7895059235.0, 242396853.1, -2972611.439, 15704.48260, -30.16036606],
      "denominator": [144725228442.0, 2300535178.0, 18583304.74, 99447.43394, 376.9991397, 1.0]
    },
    "large": {
      "p": [1.0, 0.001832426587, -3.515497706e-5, 3.780045329e-7, -4.739578669e-9],
      "q": [0.04687499995, -2.009560814e-4, 8.449962385e-6, -8.828839928e-8, 1.064044829e-9]
    }
  },
  "besselY0": {
    "small": {
      "numerator": [-2957821389.0, 7062834065.0, -512359803.6, 10879881.29, -86327.92757, 228.4622733],
      "denominator": [40076544269.0, 745249964.8, 7189466.438, 47447.26470, 226.1030244, 1.0]
    },
    "large": {
      "p": [1.0, -0.001098628627, 2.734510407e-5, -2.073370639e-7, 2.093887211e-9],
      "q": [-0.01562499995, 1.430488765e-4, -6.911147651e-6, 7.621095161e-8, -9.34935152e-10]
    }
  },
  "besselY1": {
    "small": {
      "numerator": [-0.4900604943e13, 0.1275274390e13, -0.5153438139e11, 0.7349264551e9, -0.4237922726e7, 0.8511937935e4],
      "denominator": [0.2499580570e14, 0.4244419664e12, 0.3733650367e10, 0.2245904002e8, 0.1020426050e6, 0.3549632885e3, 1.0]
    },
    "large": {
      "p": [1.0, 0.001832426587, -3.515497706e-5, 3.780045329e-7, -4.739578669e-9],
      "q": [0.04687499995, -2.009560814e-4, 8.449962385e-6, -8.828839928e-8, 1.064044829e-9]
    }
  }
}
