{
  "_meta": { "source": "Abramowitz & Stegun / Gauss-Legendre & Gauss-Kronrod tables", "version": "1964", "description": "Gauss-Legendre nodes/weights (n=2..8) and Gauss-Kronrod G7-K15 nodes/weights on [-1,1]" },
  "gauss_legendre": {
    "2": {
      "nodes": [-0.5773502691896257, 0.5773502691896257],
      "weights": [1.0, 1.0]
    },
    "3": {
      "nodes": [-0.7745966692414834, 0.0, 0.7745966692414834],
      "weights": [0.5555555555555556, 0.8888888888888888, 0.5555555555555556]
    },
    "4": {
      "nodes": [-0.8611363115940526, -0.3399810435848563, 0.3399810435848563, 0.8611363115940526],
      "weights": [0.3478548451374538, 0.6521451548625461, 0.6521451548625461, 0.3478548451374538]
    },
    "5": {
      "nodes": [-0.9061798459386640, -0.5384693101056831, 0.0, 0.5384693101056831, 0.9061798459386640],
      "weights": [0.2369268850561891, 0.4786286704993665, 0.5688888888888889, 0.4786286704993665, 0.2369268850561891]
    },
    "6": {
      "nodes": [-0.9324695142031521, -0.6612093864662645, -0.2386191860831969, 0.2386191860831969, 0.6612093864662645, 0.9324695142031521],
      "weights": [0.1713244923791704, 0.3607615730481386, 0.4679139345726910, 0.4679139345726910, 0.3607615730481386, 0.1713244923791704]
    },
    "7": {
      "nodes": [-0.9491079123427585, -0.7415311855993945, -0.4058451513773972, 0.0, 0.4058451513773972, 0.7415311855993945, 0.9491079123427585],
      "weights": [0.1294849661688697, 0.2797053914892767, 0.3818300505051189, 0.4179591836734694, 0.3818300505051189, 0.2797053914892767, 0.1294849661688697]
    },
    "8": {
      "nodes": [-0.9602898564975363, -0.7966664774136267, -0.5255324099163290, -0.1834346424956498, 0.1834346424956498, 0.5255324099163290, 0.7966664774136267, 0.9602898564975363],
      "weights": [0.1012285362903763, 0.2223810344533745, 0.3137066458778873, 0.3626837833783620, 0.3626837833783620, 0.3137066458778873, 0.2223810344533745, 0.1012285362903763]
    }
  },
  "gauss_kronrod_g7k15": {
    "nodes": [0.0, 0.20778495500789847, 0.40584515137739717, 0.58608723546769113, 0.74153118559939444, 0.86486442335976907, 0.94910791234275852, 0.99145537112081264],
    "kronrod_weights": [0.20948214108472783, 0.20443294007529889, 0.19035057806478541, 0.16900472663926790, 0.14065325971552592, 0.10479001032225018, 0.06309209262997855, 0.02293532201052922],
    "gauss_weights": [0.4179591836734694, 0.0, 0.38183005050511894, 0.0, 0.27970539148927664, 0.0, 0.12948496616886970, 0.0]
  }
}
